{"cameraMode":{"drawMode":0,"name":"Shaded","section":"Shading Mode"},"sceneLighting":true,"audioPlay":false,"sceneViewState":{"showFog":true,"showMaterialUpdate":false,"showSkybox":true,"showFlares":true,"showImageEffects":true,"showParticleSystems":true},"in2DMode":false,"pivot":{"x":26.057296752929689,"y":4.570718765258789,"z":-4.592214107513428},"rotation":{"x":-0.04059706628322601,"y":0.7165137529373169,"z":0.04165040701627731,"w":0.6952263712882996},"size":11.25088119506836,"orthographic":false}