{"cameraMode":{"drawMode":0,"name":"Shaded","section":"Shading Mode"},"sceneLighting":true,"audioPlay":false,"sceneViewState":{"showFog":true,"showMaterialUpdate":false,"showSkybox":false,"showFlares":true,"showImageEffects":true,"showParticleSystems":true},"in2DMode":false,"pivot":{"x":-1.1321449279785157,"y":1.6874990463256837,"z":10.873557090759278},"rotation":{"x":-0.03461171314120293,"y":-0.3013380169868469,"z":0.010947126895189286,"w":-0.9528290033340454},"size":10.0,"orthographic":false}