{"cameraMode":{"drawMode":0,"name":"Shaded","section":"Shading Mode"},"sceneLighting":true,"audioPlay":false,"sceneViewState":{"showFog":true,"showMaterialUpdate":false,"showSkybox":true,"showFlares":true,"showImageEffects":true,"showParticleSystems":true},"in2DMode":false,"pivot":{"x":-18.833776473999025,"y":1.7980895042419434,"z":10.822282791137696},"rotation":{"x":0.02134295180439949,"y":0.7965977787971497,"z":-0.02786853536963463,"w":0.6037461757659912},"size":8.836835861206055,"orthographic":false}