{"cameraMode":{"drawMode":0,"name":"Shaded","section":"Shading Mode"},"sceneLighting":true,"audioPlay":false,"sceneViewState":{"showFog":true,"showMaterialUpdate":false,"showSkybox":false,"showFlares":true,"showImageEffects":true,"showParticleSystems":true},"in2DMode":false,"pivot":{"x":-15.42471694946289,"y":1.1534745693206788,"z":9.404051780700684},"rotation":{"x":0.0751880630850792,"y":-0.16239452362060548,"z":0.010384300723671914,"w":0.9843799471855164},"size":7.259881496429443,"orthographic":false}