{"cameraMode":{"drawMode":0,"name":"Shaded","section":"Shading Mode"},"sceneLighting":false,"audioPlay":false,"sceneViewState":{"showFog":true,"showMaterialUpdate":false,"showSkybox":false,"showFlares":true,"showImageEffects":true,"showParticleSystems":true},"in2DMode":false,"pivot":{"x":-24.122026443481447,"y":2.125967264175415,"z":-8.388778686523438},"rotation":{"x":0.09619910269975662,"y":-0.7372267842292786,"z":0.10614527016878128,"w":0.6607480049133301},"size":1.2547816038131714,"orthographic":false}