{"cameraMode":{"drawMode":0,"name":"Shaded","section":"Shading Mode"},"sceneLighting":true,"audioPlay":false,"sceneViewState":{"showFog":true,"showMaterialUpdate":false,"showSkybox":false,"showFlares":true,"showImageEffects":true,"showParticleSystems":true},"in2DMode":false,"pivot":{"x":-18.569400787353517,"y":-11.83178997039795,"z":-1.0842680931091309},"rotation":{"x":-0.5368520617485046,"y":-0.06515241414308548,"z":0.051031529903411868,"w":-0.8404185175895691},"size":9.699484825134278,"orthographic":false}